Gene_set,Term,Overlap,P-value,Adjusted P-value,Old P-value,Old Adjusted P-value,Odds Ratio,Combined Score,Genes
GO_Biological_Process_2023,protein-DNA Complex Assembly (GO:0065004),6/59,3.52771946693162e-10,1.3969769089049214e-07,0,0,90.18566037735847,1962.908873119388,H3-4;RAD51;H3C14;H2BC3;H2BC11;H3C1
GO_Biological_Process_2023,Nucleosome Assembly (GO:0006334),5/54,1.9114255319073185e-08,3.784622553176491e-06,0,0,78.1789638932496,1389.4615465288782,H3-4;H3C14;H2BC3;H2BC11;H3C1
GO_Biological_Process_2023,Nucleosome Organization (GO:0034728),5/75,1.019689090541786e-07,1.3459895995151575e-05,0,0,54.667582417582416,880.0714265939934,H3-4;H3C14;H2BC3;H2BC11;H3C1
GO_Biological_Process_2023,Mitochondrial Translation (GO:0032543),5/98,3.913364328316573e-07,3.874230685033407e-05,0,0,41.10008271298594,606.378216544002,MRPL19;MRPS6;MRPL13;MRPS5;MRPL33
GO_Biological_Process_2023,Mitochondrial Gene Expression (GO:0140053),5/103,5.017280606191403e-07,3.973686240103591e-05,0,0,38.99332810047096,565.6063181743639,MRPL19;MRPS6;MRPL13;MRPS5;MRPL33
GO_Biological_Process_2023,Establishment Of Protein Localization To Mitochondrion (GO:0072655),4/44,6.137273216275986e-07,4.050600322742151e-05,0,0,73.81111111111112,1055.7731052139452,TOMM40;TIMM9;TIMM13;AKT1
GO_Biological_Process_2023,Translation (GO:0006412),6/234,1.3866035026181172e-06,7.844214100525349e-05,0,0,20.78,280.29421608089154,RPL4;MRPL19;MRPS6;MRPL13;MRPS5;MRPL33
GO_Biological_Process_2023,Chromatin Organization (GO:0006325),6/268,3.041870069259989e-06,0.00015057256842836945,0,0,18.05221374045801,229.31795852485263,H3-4;HDAC1;H3C14;H2BC3;H2BC11;H3C1
GO_Biological_Process_2023,Protein Insertion Into Mitochondrial Membrane (GO:0051204),3/28,1.075892389256884e-05,0.000473392651273029,0,0,85.47428571428571,977.806598414166,TOMM40;TIMM9;TIMM13
GO_Biological_Process_2023,Protein Localization To Chromatin (GO:0071168),3/31,1.4715946982182002e-05,0.0005827515004944073,0,0,76.30484693877551,849.0118940764263,H2AC8;PARP1;H2BC11
GO_Biological_Process_2023,Gene Expression (GO:0010467),5/296,8.506383546320155e-05,0.0024060913459591,0,0,13.004229447528417,121.87705035400492,RPL4;H3C1;MRPS6;MRPL13;MRPS5
GO_Biological_Process_2023,Regulation Of Smooth Muscle Cell Proliferation (GO:0048660),3/54,7.926921176078046e-05,0.0024060913459591,0,0,41.84453781512605,395.1237750334599,XRCC5;HDAC1;AKT1
GO_Biological_Process_2023,DNA Repair (GO:0006281),5/291,7.849783258103309e-05,0.0024060913459591,0,0,13.234938138784292,125.10245262530324,RAD51;PARP1;PARP2;XRCC5;XRCC1
GO_Biological_Process_2023,Mitochondrial Transport (GO:0006839),3/53,7.494391133783063e-05,0.0024060913459591,0,0,42.68357142857143,405.4414522377655,TOMM40;TIMM9;TIMM13
GO_Biological_Process_2023,Peptide Biosynthetic Process (GO:0043043),4/158,9.990123295349125e-05,0.0025579071322291,0,0,19.062049062049063,175.58679637521746,RPL4;MRPS6;MRPL13;MRPS5
GO_Biological_Process_2023,Protein Targeting To Mitochondrion (GO:0006626),3/59,0.00010334978312036772,0.0025579071322291,0,0,38.098852040816325,349.6480759390723,TOMM40;TIMM9;TIMM13
GO_Biological_Process_2023,Mitochondrion Organization (GO:0007005),4/162,0.00011003731855871462,0.0025632222440735,0,0,18.57571495546179,169.31190173889232,TOMM40;PARP1;TIMM9;TIMM13
GO_Biological_Process_2023,Telomere Organization (GO:0032200),3/63,0.00012571742449178627,0.0026389290645183,0,0,35.551785714285714,319.3074330847752,PARP1;XRCC5;H3C1
GO_Biological_Process_2023,Double-Strand Break Repair (GO:0006302),4/168,0.00012661528339860654,0.0026389290645183,0,0,17.890695573622402,160.55749502421065,RAD51;PARP1;PARP2;XRCC5
GO_Biological_Process_2023,Protein Insertion Into Mitochondrial Inner Membrane (GO:0045039),2/12,0.0001519754404094439,0.0029761892967333,0,0,137.64827586206897,1210.1749591161836,TIMM9;TIMM13
GO_Biological_Process_2023,Telomere Maintenance (GO:0000723),3/68,0.00015782822028131228,0.0029761892967333,0,0,32.808791208791206,287.20826748820696,RAD51;PARP1;XRCC5
GO_Biological_Process_2023,Macromolecule Biosynthetic Process (GO:0009059),4/183,0.00017591712347886417,0.0031665082226195,0,0,16.379060624870682,141.60512871907034,RPL4;MRPS6;MRPL13;MRPS5
GO_Biological_Process_2023,DNA Modification (GO:0006304),2/17,0.0003116539576784677,0.0053658681408988,0,0,91.74252873563218,740.6940484006719,PARP1;PARP2
GO_Biological_Process_2023,"Protein Localization To Chromosome, Centromeric Region (GO:0071459)",2/18,0.00035027247768592,0.0057794958818176,0,0,86.00431034482759,684.3190276353239,H2AC8;H2BC11
GO_Biological_Process_2023,Cellular Response To Oxidative Stress (GO:0034599),3/117,0.0007782276165461384,0.0123271254460908,0,0,18.660714285714285,133.5825647907997,PARP1;GSR;AKT1
GO_Biological_Process_2023,DNA Metabolic Process (GO:0006259),4/288,0.0009752167503663284,0.0148533012748102,0,0,10.268648930620762,71.19101099059357,RAD51;PARP1;PARP2;XRCC5
GO_Biological_Process_2023,Protein Targeting (GO:0006605),3/129,0.0010325571543256,0.0151441715967765,0,0,16.87329931972789,116.0160289435184,TOMM40;TIMM9;TIMM13
GO_Biological_Process_2023,Inner Mitochondrial Membrane Organization (GO:0007007),2/34,0.0012646591825652,0.0178858941534231,0,0,42.9676724137931,286.72124195111644,TIMM9;TIMM13
GO_Biological_Process_2023,Protein Localization To Chromosome (GO:0034502),2/40,0.0017482077236044,0.0238720778809441,0,0,36.172413793103445,229.6645937348641,PARP1;XRCC5
GO_Biological_Process_2023,DNA Recombination (GO:0006310),2/42,0.0019260361255937,0.0254236768578377,0,0,34.360344827586204,214.8308819031652,RAD51;XRCC5
GO_Biological_Process_2023,Negative Regulation Of Response To Biotic Stimulus (GO:0002832),2/45,0.0022082130877202,0.0282081413786201,0,0,31.958299919807537,195.44327291118304,PARP1;AKT1
GO_Biological_Process_2023,Replication Fork Processing (GO:0031297),2/46,0.0023063632118604,0.0285412447467735,0,0,31.230407523510973,189.63363791906963,RAD51;PARP1
GO_Biological_Process_2023,Positive Regulation Of Smooth Muscle Cell Proliferation (GO:0048661),2/47,0.002406548654002,0.0288785838480242,0,0,30.534865900383146,184.11185647217312,HDAC1;AKT1
GO_Biological_Process_2023,Post-Translational Protein Modification (GO:0043687),2/48,0.0025087632834003,0.029219713536075,0,0,29.869565217391305,178.85792193078825,PARP1;PARP2
GO_Biological_Process_2023,Cellular Response To Ionizing Radiation (GO:0071479),2/52,0.002937791521612,0.0314423092583344,0,0,27.474482758620688,160.1789039869191,RAD51;XRCC5
GO_Biological_Process_2023,Negative Regulation Of Innate Immune Response (GO:0045824),2/52,0.002937791521612,0.0314423092583344,0,0,27.474482758620688,160.1789039869191,PARP1;AKT1
GO_Biological_Process_2023,DNA Damage Response (GO:0006974),4/384,0.0027936350619757,0.0314423092583344,0,0,7.637037037037037,44.90892149973951,RAD51;PARP1;PARP2;XRCC5
GO_Biological_Process_2023,Negative Regulation Of Immune Response (GO:0050777),2/66,0.0046887064481426,0.0488612566701181,0,0,21.44935344827586,115.02427159714598,PARP1;AKT1
GO_Biological_Process_2023,Regulation Of Endopeptidase Activity (GO:0052548),2/69,0.0051132932370968,0.0501622663719803,0,0,20.485846628924342,108.08151613676682,HDAC1;AKT1
GO_Biological_Process_2023,Apoptotic Process (GO:0006915),3/228,0.0051935679829575,0.0501622663719803,0,0,9.401904761904762,49.457162530981904,APAF1;PARP1;AKT1
GO_Biological_Process_2023,Chromatin Remodeling (GO:0006338),3/228,0.0051935679829575,0.0501622663719803,0,0,9.401904761904762,49.457162530981904,PARP2;HDAC1;H3C1
GO_Biological_Process_2023,Regulation Of Double-Strand Break Repair Via Homologous Recombination (GO:0010569),2/71,0.0054058487402184,0.0509694309792028,0,0,19.89005497251374,103.83153308233096,RAD51;PARP1
GO_Biological_Process_2023,Regulation Of Innate Immune Response (GO:0045088),2/78,0.0064888951369425,0.059758197075099,0,0,18.05172413793104,90.938502840842,PARP1;AKT1
GO_Biological_Process_2023,Response To Insulin (GO:0032868),2/79,0.0066510440561837,0.0598593965056534,0,0,17.81639050604568,89.31323485812854,PARP1;AKT1
GO_Biological_Process_2023,Double-Strand Break Repair Via Synthesis-Dependent Strand Annealing (GO:0045003),1/5,0.0077266942890359,0.061195418769165,0,0,166.375,809.0939625056958,RAD51
GO_Biological_Process_2023,Regulation Of T-Circle Formation (GO:1904429),1/5,0.0077266942890359,0.061195418769165,0,0,166.375,809.0939625056958,XRCC5
GO_Biological_Process_2023,Regulation Of Long-Chain Fatty Acid Import Across Plasma Membrane (GO:0010746),1/5,0.0077266942890359,0.061195418769165,0,0,166.375,809.0939625056958,AKT1
GO_Biological_Process_2023,"Regulation Of Circadian Sleep/Wake Cycle, Sleep (GO:0045187)",1/5,0.0077266942890359,0.061195418769165,0,0,166.375,809.0939625056958,PARP1
GO_Biological_Process_2023,Positive Regulation Of Necroptotic Process (GO:0060545),1/5,0.0077266942890359,0.061195418769165,0,0,166.375,809.0939625056958,PARP1
GO_Biological_Process_2023,Positive Regulation Of Programmed Necrotic Cell Death (GO:0062100),1/5,0.0077266942890359,0.061195418769165,0,0,166.375,809.0939625056958,PARP1
GO_Biological_Process_2023,Cellular Response To Chemical Stress (GO:0062197),2/89,0.0083727822480647,0.061400403152475,0,0,15.760602457391991,75.37932152498767,PARP1;GSR
GO_Biological_Process_2023,Cellular Response To Peptide Hormone Stimulus (GO:0071375),2/89,0.0083727822480647,0.061400403152475,0,0,15.760602457391991,75.37932152498767,PARP1;AKT1
GO_Biological_Process_2023,Positive Regulation Of DNA Repair (GO:0045739),2/89,0.0083727822480647,0.061400403152475,0,0,15.760602457391991,75.37932152498767,PARP1;XRCC1
GO_Biological_Process_2023,Sensory Perception Of Mechanical Stimulus (GO:0050954),2/89,0.0083727822480647,0.061400403152475,0,0,15.760602457391991,75.37932152498767,TIMM9;TIMM13
GO_Biological_Process_2023,Sensory Perception Of Sound (GO:0007605),2/92,0.0089243322904424,0.0642551924911853,0,0,15.23295019157088,71.88389235582319,TIMM9;TIMM13
GO_Biological_Process_2023,Recombinational Repair (GO:0000725),2/95,0.0094917806010434,0.0671204485359499,0,0,14.739340007415649,68.64595646463037,RAD51;XRCC5
GO_Biological_Process_2023,Cellular Response To Insulin Stimulus (GO:0032869),2/99,0.0102728504943795,0.0713692771188472,0,0,14.128688233202986,64.68467733221605,PARP1;AKT1
GO_Biological_Process_2023,Response To Hydroperoxide (GO:0033194),1/7,0.0108011827726926,0.0724960742031573,0,0,110.90555555555557,502.1914056148727,XRCC1
GO_Biological_Process_2023,Negative Regulation Of Fatty Acid Oxidation (GO:0046322),1/7,0.0108011827726926,0.0724960742031573,0,0,110.90555555555557,502.1914056148727,AKT1
GO_Biological_Process_2023,Positive Regulation Of Ligase Activity (GO:0051351),1/8,0.0123349690429111,0.0763890954922023,0,0,95.05714285714286,417.8062796500496,XRCC1
GO_Biological_Process_2023,Regulation Of Protein ADP-ribosylation (GO:0010835),1/8,0.0123349690429111,0.0763890954922023,0,0,95.05714285714286,417.8062796500496,XRCC1
GO_Biological_Process_2023,Protein poly-ADP-ribosylation (GO:0070212),1/8,0.0123349690429111,0.0763890954922023,0,0,95.05714285714286,417.8062796500496,PARP2
GO_Biological_Process_2023,Cellular Response To Platelet-Derived Growth Factor Stimulus (GO:0036120),1/8,0.0123349690429111,0.0763890954922023,0,0,95.05714285714286,417.8062796500496,HDAC1
GO_Biological_Process_2023,Negative Regulation Of Developmental Process (GO:0051093),2/109,0.0123457124027801,0.0763890954922023,0,0,12.801804705124074,56.25684524067741,PARP1;HDAC1
GO_Biological_Process_2023,Double-Strand Break Repair Via Homologous Recombination (GO:0000724),2/111,0.0127805412057872,0.0778629894998732,0,0,12.56564378361278,54.784089372696045,RAD51;XRCC1
GO_Biological_Process_2023,Negative Regulation Of Defense Response (GO:0031348),2/112,0.0130004527316697,0.0780027163900185,0,0,12.450783699059562,54.07090357846781,PARP1;AKT1
GO_Biological_Process_2023,Cellular Response To Oxidised Low-Density Lipoprotein Particle Stimulus (GO:0140052),1/9,0.01386645428907,0.0795813898329237,0,0,83.17083333333333,355.82833874131705,AKT1
GO_Biological_Process_2023,Response To Platelet-Derived Growth Factor (GO:0036119),1/9,0.01386645428907,0.0795813898329237,0,0,83.17083333333333,355.82833874131705,HDAC1
GO_Biological_Process_2023,Telomere Maintenance Via Recombination (GO:0000722),1/9,0.01386645428907,0.0795813898329237,0,0,83.17083333333333,355.82833874131705,RAD51
GO_Biological_Process_2023,Regulation Of Protein Kinase Activity (GO:0045859),2/119,0.0145859503160638,0.0825148046451613,0,0,11.701738874152667,49.47140072441286,XRCC5;AKT1
GO_Biological_Process_2023,Negative Regulation Of Lymphocyte Migration (GO:2000402),1/10,0.0153956417644848,0.0846760297046666,0,0,73.92592592592592,308.5424792813036,AKT1
GO_Biological_Process_2023,Protein auto-ADP-ribosylation (GO:0070213),1/10,0.0153956417644848,0.0846760297046666,0,0,73.92592592592592,308.5424792813036,PARP2
GO_Biological_Process_2023,Negative Regulation Of Myotube Differentiation (GO:0010832),1/11,0.016922534733464,0.0859144071083557,0,0,66.53,271.3831303578043,HDAC1
GO_Biological_Process_2023,Regulation Of Leukocyte Cell-Cell Adhesion (GO:1903037),1/11,0.016922534733464,0.0859144071083557,0,0,66.53,271.3831303578043,AKT1
GO_Biological_Process_2023,Histone H2A Ubiquitination (GO:0033522),1/11,0.016922534733464,0.0859144071083557,0,0,66.53,271.3831303578043,RAD51
GO_Biological_Process_2023,Mitochondrial Genome Maintenance (GO:0000002),1/11,0.016922534733464,0.0859144071083557,0,0,66.53,271.3831303578043,PARP1
GO_Biological_Process_2023,Regulation Of Adipose Tissue Development (GO:1904177),1/11,0.016922534733464,0.0859144071083557,0,0,66.53,271.3831303578043,PARP1
GO_Biological_Process_2023,Regulation Of Cell Cycle Checkpoint (GO:1901976),1/11,0.016922534733464,0.0859144071083557,0,0,66.53,271.3831303578043,RAD51
GO_Biological_Process_2023,Odontogenesis Of Dentin-Containing Tooth (GO:0042475),1/14,0.0214894793855565,0.0876044417715748,0,0,51.16923076923077,196.4996601316088,HDAC1
GO_Biological_Process_2023,Mitotic Recombination (GO:0006312),1/14,0.0214894793855565,0.0876044417715748,0,0,51.16923076923077,196.4996601316088,RAD51
GO_Biological_Process_2023,Regulation Of ATP Biosynthetic Process (GO:2001169),1/14,0.0214894793855565,0.0876044417715748,0,0,51.16923076923077,196.4996601316088,PARP1
GO_Biological_Process_2023,Negative Regulation Of Androgen Receptor Signaling Pathway (GO:0060766),1/14,0.0214894793855565,0.0876044417715748,0,0,51.16923076923077,196.4996601316088,HDAC1
GO_Biological_Process_2023,Regulation Of Cell Fate Specification (GO:0042659),1/14,0.0214894793855565,0.0876044417715748,0,0,51.16923076923077,196.4996601316088,HDAC1
GO_Biological_Process_2023,Positive Regulation Of Cyclin-Dependent Protein Serine/Threonine Kinase Activity (GO:0045737),1/15,0.0230072271319287,0.0876044417715748,0,0,47.51190476190476,179.21238137059572,AKT1
GO_Biological_Process_2023,T Cell Homeostasis (GO:0043029),1/15,0.0230072271319287,0.0876044417715748,0,0,47.51190476190476,179.21238137059572,AKT1
GO_Biological_Process_2023,Negative Regulation Of Telomere Maintenance (GO:0032205),1/15,0.0230072271319287,0.0876044417715748,0,0,47.51190476190476,179.21238137059572,PARP1
GO_Biological_Process_2023,"Protein Localization To Chromosome, Telomeric Region (GO:0070198)",1/15,0.0230072271319287,0.0876044417715748,0,0,47.51190476190476,179.21238137059572,XRCC5
GO_Biological_Process_2023,Regulation Of Amyloid-Beta Clearance (GO:1900221),1/15,0.0230072271319287,0.0876044417715748,0,0,47.51190476190476,179.21238137059572,HDAC1
GO_Biological_Process_2023,Positive Regulation Of Glucose Metabolic Process (GO:0010907),1/15,0.0230072271319287,0.0876044417715748,0,0,47.51190476190476,179.21238137059572,AKT1
GO_Biological_Process_2023,Negative Regulation Of Transcription Elongation By RNA Polymerase II (GO:0034244),1/14,0.0214894793855565,0.0876044417715748,0,0,51.16923076923077,196.4996601316088,PARP1
GO_Biological_Process_2023,Negative Regulation Of Protein Metabolic Process (GO:0051248),2/147,0.0217043711271143,0.0876044417715748,0,0,9.428775267538644,36.114487307242925,AKT1;MRPL13
GO_Biological_Process_2023,Negative Regulation Of Response To External Stimulus (GO:0032102),2/146,0.0214295318846331,0.0876044417715748,0,0,9.494731800766283,36.48811486751156,PARP1;AKT1
GO_Biological_Process_2023,Epithelial Cell Differentiation (GO:0030855),2/132,0.0177397832508016,0.0876044417715748,0,0,10.524668435013265,42.43488974899699,HDAC1;AKT1
GO_Biological_Process_2023,Negative Regulation Of Mononuclear Cell Migration (GO:0071676),1/12,0.0184471364708874,0.0876044417715748,0,0,60.47878787878788,241.4824938489569,AKT1
GO_Biological_Process_2023,Histone Monoubiquitination (GO:0010390),1/12,0.0184471364708874,0.0876044417715748,0,0,60.47878787878788,241.4824938489569,RAD51
GO_Biological_Process_2023,Negative Regulation By Host Of Viral Transcription (GO:0043922),1/12,0.0184471364708874,0.0876044417715748,0,0,60.47878787878788,241.4824938489569,HDAC1
GO_Biological_Process_2023,Regulation Of Fatty Acid Beta-Oxidation (GO:0031998),1/13,0.0199694502608653,0.0876044417715748,0,0,55.43611111111111,216.95208467294643,AKT1
GO_Biological_Process_2023,Regulation Of Lymphocyte Migration (GO:2000401),1/12,0.0184471364708874,0.0876044417715748,0,0,60.47878787878788,241.4824938489569,AKT1
GO_Biological_Process_2023,Outer Mitochondrial Membrane Organization (GO:0007008),1/13,0.0199694502608653,0.0876044417715748,0,0,55.43611111111111,216.95208467294643,TOMM40
GO_Biological_Process_2023,Protein Insertion Into Mitochondrial Outer Membrane (GO:0045040),1/13,0.0199694502608653,0.0876044417715748,0,0,55.43611111111111,216.95208467294643,TOMM40
GO_Biological_Process_2023,Mitochondrial DNA Metabolic Process (GO:0032042),1/13,0.0199694502608653,0.0876044417715748,0,0,55.43611111111111,216.95208467294643,PARP1
GO_Biological_Process_2023,Response To Nerve Growth Factor (GO:1990089),1/13,0.0199694502608653,0.0876044417715748,0,0,55.43611111111111,216.95208467294643,AKT1
GO_Biological_Process_2023,Regulation Of Cell Fate Commitment (GO:0010453),1/13,0.0199694502608653,0.0876044417715748,0,0,55.43611111111111,216.95208467294643,HDAC1
GO_Biological_Process_2023,Histone H2A Monoubiquitination (GO:0035518),1/14,0.0214894793855565,0.0876044417715748,0,0,51.16923076923077,196.4996601316088,RAD51
GO_Biological_Process_2023,Cell Migration Involved In Sprouting Angiogenesis (GO:0002042),1/17,0.026035891626597,0.0881214793515591,0,0,41.56875,151.6544078957345,AKT1
GO_Biological_Process_2023,Ribosomal Small Subunit Assembly (GO:0000028),1/17,0.026035891626597,0.0881214793515591,0,0,41.56875,151.6544078957345,XRCC5
GO_Biological_Process_2023,Positive Regulation Of Cardiac Muscle Hypertrophy (GO:0010613),1/17,0.026035891626597,0.0881214793515591,0,0,41.56875,151.6544078957345,PARP1
GO_Biological_Process_2023,Regulation Of Telomere Maintenance Via Telomere Lengthening (GO:1904356),1/17,0.026035891626597,0.0881214793515591,0,0,41.56875,151.6544078957345,PARP1
GO_Biological_Process_2023,Cellular Response To Alkaloid (GO:0071312),1/17,0.026035891626597,0.0881214793515591,0,0,41.56875,151.6544078957345,RAD51
GO_Biological_Process_2023,Negative Regulation Of Striated Muscle Cell Differentiation (GO:0051154),1/17,0.026035891626597,0.0881214793515591,0,0,41.56875,151.6544078957345,HDAC1
GO_Biological_Process_2023,Embryonic Digit Morphogenesis (GO:0042733),1/17,0.026035891626597,0.0881214793515591,0,0,41.56875,151.6544078957345,HDAC1
GO_Biological_Process_2023,Facultative Heterochromatin Formation (GO:0140718),1/17,0.026035891626597,0.0881214793515591,0,0,41.56875,151.6544078957345,HDAC1
GO_Biological_Process_2023,Cellular Response To Gamma Radiation (GO:0071480),1/16,0.0245226967845343,0.0881214793515591,0,0,44.34222222222222,164.42788585185278,XRCC5
GO_Biological_Process_2023,Positive Regulation Of Muscle Hypertrophy (GO:0014742),1/16,0.0245226967845343,0.0881214793515591,0,0,44.34222222222222,164.42788585185278,PARP1
GO_Biological_Process_2023,DNA Repair-Dependent Chromatin Remodeling (GO:0140861),1/16,0.0245226967845343,0.0881214793515591,0,0,44.34222222222222,164.42788585185278,PARP2
GO_Biological_Process_2023,Cellular Response To Growth Factor Stimulus (GO:0071363),2/155,0.0239558897463325,0.0881214793515591,0,0,8.932161370295244,33.330726969710895,HDAC1;AKT1
GO_Biological_Process_2023,Positive Regulation Of Nitric-Oxide Synthase Activity (GO:0051000),1/17,0.026035891626597,0.0881214793515591,0,0,41.56875,151.6544078957345,AKT1
GO_Biological_Process_2023,Negative Regulation Of Lipid Catabolic Process (GO:0050995),1/18,0.0275468149406694,0.0894142517746321,0,0,39.12156862745098,140.51952455455398,AKT1
GO_Biological_Process_2023,Protein Import Into Mitochondrial Matrix (GO:0030150),1/18,0.0275468149406694,0.0894142517746321,0,0,39.12156862745098,140.51952455455398,TOMM40
GO_Biological_Process_2023,Regulation Of DNA Damage Checkpoint (GO:2000001),1/18,0.0275468149406694,0.0894142517746321,0,0,39.12156862745098,140.51952455455398,RAD51
GO_Biological_Process_2023,"Negative Regulation Of DNA-templated Transcription, Elongation (GO:0032785)",1/18,0.0275468149406694,0.0894142517746321,0,0,39.12156862745098,140.51952455455398,PARP1
GO_Biological_Process_2023,Positive Regulation Of Cyclin-Dependent Protein Kinase Activity (GO:1904031),1/18,0.0275468149406694,0.0894142517746321,0,0,39.12156862745098,140.51952455455398,AKT1
GO_Biological_Process_2023,Negative Regulation Of Leukocyte Cell-Cell Adhesion (GO:1903038),1/19,0.0290554700086194,0.0935444400277503,0,0,36.946296296296296,130.736261970552,AKT1
GO_Biological_Process_2023,Regulation Of Cell Population Proliferation (GO:0042127),4/766,0.0295630304261218,0.0944109681350342,0,0,3.734227665986196,13.149076987571036,H2AC8;XRCC5;HDAC1;AKT1
GO_Biological_Process_2023,Protein Deacylation (GO:0035601),1/20,0.0305618601074184,0.0945507547073258,0,0,35.0,122.08008572013848,HDAC1
GO_Biological_Process_2023,Regulation Of Necroptotic Process (GO:0060544),1/20,0.0305618601074184,0.0945507547073258,0,0,35.0,122.08008572013848,PARP1
GO_Biological_Process_2023,DNA Unwinding Involved In DNA Replication (GO:0006268),1/20,0.0305618601074184,0.0945507547073258,0,0,35.0,122.08008572013848,RAD51
GO_Biological_Process_2023,Negative Regulation Of Stem Cell Population Maintenance (GO:1902455),1/20,0.0305618601074184,0.0945507547073258,0,0,35.0,122.08008572013848,HDAC1
GO_Biological_Process_2023,Innate Immune Response In Mucosa (GO:0002227),1/21,0.032065988516399,0.0961979655491971,0,0,33.248333333333335,114.37291539918964,H2BC11
GO_Biological_Process_2023,Negative Regulation Of Tumor Necrosis Factor-Mediated Signaling Pathway (GO:0010804),1/21,0.032065988516399,0.0961979655491971,0,0,33.248333333333335,114.37291539918964,H2BC11
GO_Biological_Process_2023,Macrophage Differentiation (GO:0030225),1/21,0.032065988516399,0.0961979655491971,0,0,33.248333333333335,114.37291539918964,PARP1
GO_Biological_Process_2023,Cellular Response To Nerve Growth Factor Stimulus (GO:1990090),1/21,0.032065988516399,0.0961979655491971,0,0,33.248333333333335,114.37291539918964,AKT1
GO_Biological_Process_2023,Negative Regulation Of Nucleic Acid-Templated Transcription (GO:1903507),3/456,0.0330084144591501,0.09702826251964,0,0,4.6158940397351,15.744781180041503,PARP1;XRCC5;HDAC1
GO_Biological_Process_2023,Blood Vessel Endothelial Cell Migration (GO:0043534),1/22,0.0335678584979562,0.09702826251964,0,0,31.663492063492065,107.4717897739846,AKT1
GO_Biological_Process_2023,Cellular Response To Cadmium Ion (GO:0071276),1/22,0.0335678584979562,0.09702826251964,0,0,31.663492063492065,107.4717897739846,AKT1
GO_Biological_Process_2023,Cellular Response To Low-Density Lipoprotein Particle Stimulus (GO:0071404),1/22,0.0335678584979562,0.09702826251964,0,0,31.663492063492065,107.4717897739846,AKT1
GO_Biological_Process_2023,Response To Gamma Radiation (GO:0010332),1/22,0.0335678584979562,0.09702826251964,0,0,31.663492063492065,107.4717897739846,XRCC5
GO_Biological_Process_2023,Regulation Of Myotube Differentiation (GO:0010830),1/23,0.0350674733320936,0.0999044563993459,0,0,30.222727272727276,101.2606814695486,HDAC1
GO_Biological_Process_2023,Regulation Of Cardiac Muscle Hypertrophy (GO:0010611),1/23,0.0350674733320936,0.0999044563993459,0,0,30.222727272727276,101.2606814695486,PARP1
GO_Biological_Process_2023,Positive Regulation Of Lipid Metabolic Process (GO:0045834),1/24,0.036564836271725,0.1019695434056558,0,0,28.9072463768116,95.64448851318151,AKT1
GO_Biological_Process_2023,Regulation Of Programmed Cell Death (GO:0043067),2/195,0.0365465911100579,0.1019695434056558,0,0,7.066642844380918,23.384703870974384,APAF1;AKT1
GO_Biological_Process_2023,Protein Kinase B Signaling (GO:0043491),1/24,0.036564836271725,0.1019695434056558,0,0,28.9072463768116,95.64448851318151,AKT1
GO_Biological_Process_2023,Negative Regulation Of Telomere Maintenance Via Telomere Lengthening (GO:1904357),1/25,0.0380599505912853,0.1046648641260346,0,0,27.70138888888889,90.5445579257637,PARP1
GO_Biological_Process_2023,Positive Regulation Of Glucose Import (GO:0046326),1/25,0.0380599505912853,0.1046648641260346,0,0,27.70138888888889,90.5445579257637,AKT1
GO_Biological_Process_2023,Telomere Maintenance Via Telomere Lengthening (GO:0010833),1/26,0.0395528195360064,0.1072802502483462,0,0,26.592,85.8953057509563,RAD51
GO_Biological_Process_2023,Positive Regulation Of Monooxygenase Activity (GO:0032770),1/26,0.0395528195360064,0.1072802502483462,0,0,26.592,85.8953057509563,AKT1
GO_Biological_Process_2023,Positive Regulation Of Nitric Oxide Biosynthetic Process (GO:0045429),1/27,0.0410434463585474,0.1090819111274147,0,0,25.56794871794872,81.6416333934617,AKT1
GO_Biological_Process_2023,Regulation Of Peptidase Activity (GO:0052547),1/27,0.0410434463585474,0.1090819111274147,0,0,25.56794871794872,81.6416333934617,HDAC1
GO_Biological_Process_2023,Regulation Of Androgen Receptor Signaling Pathway (GO:0060765),1/27,0.0410434463585474,0.1090819111274147,0,0,25.56794871794872,81.6416333934617,HDAC1
GO_Biological_Process_2023,Regulation Of Glucose Metabolic Process (GO:0010906),1/28,0.0425318343189313,0.1100823947078224,0,0,24.619753086419752,77.73693045847051,AKT1
GO_Biological_Process_2023,Positive Regulation Of Nitric Oxide Metabolic Process (GO:1904407),1/28,0.0425318343189313,0.1100823947078224,0,0,24.619753086419752,77.73693045847051,AKT1
GO_Biological_Process_2023,Regulation Of Nitric-Oxide Synthase Activity (GO:0050999),1/28,0.0425318343189313,0.1100823947078224,0,0,24.619753086419752,77.73693045847051,AKT1
GO_Biological_Process_2023,Mucosal Immune Response (GO:0002385),1/28,0.0425318343189313,0.1100823947078224,0,0,24.619753086419752,77.73693045847051,H2BC11
GO_Biological_Process_2023,Positive Regulation Of G1/S Transition Of Mitotic Cell Cycle (GO:1900087),1/31,0.0469835974317625,0.1192660550190895,0,0,22.154444444444444,67.74733246608147,AKT1
GO_Biological_Process_2023,Positive Regulation Of Glucose Transmembrane Transport (GO:0010828),1/31,0.0469835974317625,0.1192660550190895,0,0,22.154444444444444,67.74733246608147,AKT1
GO_Biological_Process_2023,Negative Regulation Of Intracellular Steroid Hormone Receptor Signaling Pathway (GO:0033144),1/31,0.0469835974317625,0.1192660550190895,0,0,22.154444444444444,67.74733246608147,HDAC1
GO_Biological_Process_2023,Protein Transmembrane Import Into Intracellular Organelle (GO:0044743),1/32,0.0484630623370423,0.1199460792841798,0,0,21.438709677419357,64.89397456016435,TOMM40
GO_Biological_Process_2023,miRNA Processing (GO:0035196),1/32,0.0484630623370423,0.1199460792841798,0,0,21.438709677419357,64.89397456016435,SPOUT1
GO_Biological_Process_2023,Positive Regulation Of Telomere Maintenance Via Telomerase (GO:0032212),1/32,0.0484630623370423,0.1199460792841798,0,0,21.438709677419357,64.89397456016435,XRCC5
GO_Biological_Process_2023,Cellular Nitrogen Compound Biosynthetic Process (GO:0044271),1/32,0.0484630623370423,0.1199460792841798,0,0,21.438709677419357,64.89397456016435,AKT1
GO_Biological_Process_2023,Negative Regulation Of Multicellular Organismal Process (GO:0051241),2/231,0.049603051306087,0.1205875646645099,0,0,5.944887818099684,17.856676951062546,PARP1;HDAC1
GO_Biological_Process_2023,Positive Regulation Of Nitrogen Compound Metabolic Process (GO:0051173),1/33,0.0499403045580293,0.1205875646645099,0,0,20.76770833333333,62.2393036656038,AKT1
GO_Biological_Process_2023,Positive Regulation Of Small Molecule Metabolic Process (GO:0062013),1/33,0.0499403045580293,0.1205875646645099,0,0,20.76770833333333,62.2393036656038,AKT1
GO_Biological_Process_2023,Positive Regulation Of Telomerase Activity (GO:0051973),1/33,0.0499403045580293,0.1205875646645099,0,0,20.76770833333333,62.2393036656038,XRCC5
GO_Biological_Process_2023,Embryonic Limb Morphogenesis (GO:0030326),1/34,0.0514153273284442,0.1219189797728378,0,0,20.13737373737374,59.76407945997836,HDAC1
GO_Biological_Process_2023,ATP Metabolic Process (GO:0046034),1/34,0.0514153273284442,0.1219189797728378,0,0,20.13737373737374,59.76407945997836,PARP1
GO_Biological_Process_2023,"Mitochondrial Electron Transport, NADH To Ubiquinone (GO:0006120)",1/34,0.0514153273284442,0.1219189797728378,0,0,20.13737373737374,59.76407945997836,NDUFB8
GO_Biological_Process_2023,Base-Excision Repair (GO:0006284),1/36,0.054358727363695,0.1230060344915613,0,0,18.984761904761903,55.2864763029152,XRCC1
GO_Biological_Process_2023,Regulation Of Glucose Import (GO:0046324),1/36,0.054358727363695,0.1230060344915613,0,0,18.984761904761903,55.2864763029152,AKT1
GO_Biological_Process_2023,Positive Regulation Of Double-Strand Break Repair Via Homologous Recombination (GO:1905168),1/36,0.054358727363695,0.1230060344915613,0,0,18.984761904761903,55.2864763029152,PARP1
GO_Biological_Process_2023,Interstrand Cross-Link Repair (GO:0036297),1/36,0.054358727363695,0.1230060344915613,0,0,18.984761904761903,55.2864763029152,RAD51
GO_Biological_Process_2023,Positive Regulation Of Telomere Maintenance Via Telomere Lengthening (GO:1904358),1/35,0.0528881338521174,0.1230060344915613,0,0,19.544117647058822,57.45142461157597,XRCC5
GO_Biological_Process_2023,Histone Deacetylation (GO:0016575),1/36,0.054358727363695,0.1230060344915613,0,0,18.984761904761903,55.2864763029152,HDAC1
GO_Biological_Process_2023,Regulatory ncRNA Processing (GO:0070918),1/35,0.0528881338521174,0.1230060344915613,0,0,19.544117647058822,57.45142461157597,SPOUT1
GO_Biological_Process_2023,Positive Regulation Of Signaling Receptor Activity (GO:2000273),1/36,0.054358727363695,0.1230060344915613,0,0,18.984761904761903,55.2864763029152,HDAC1
GO_Biological_Process_2023,Negative Regulation Of Transferase Activity (GO:0051348),1/37,0.0558271110621512,0.1256109998898402,0,0,18.45648148148148,53.25609732919314,XRCC1
GO_Biological_Process_2023,Regulation Of Telomere Maintenance (GO:0032204),1/38,0.0572932881600048,0.1281815938495023,0,0,17.956756756756757,51.348635190815486,XRCC5
GO_Biological_Process_2023,Negative Regulation Of Cell-Cell Adhesion (GO:0022408),1/40,0.0602190353597648,0.128208268830467,0,0,17.034188034188034,47.86209557175929,AKT1
GO_Biological_Process_2023,Positive Regulation Of Cell Cycle G1/S Phase Transition (GO:1902808),1/40,0.0602190353597648,0.128208268830467,0,0,17.034188034188034,47.86209557175929,AKT1
GO_Biological_Process_2023,Positive Regulation Of Catalytic Activity (GO:0043085),1/40,0.0602190353597648,0.128208268830467,0,0,17.034188034188034,47.86209557175929,XRCC5
GO_Biological_Process_2023,Positive Regulation Of Stem Cell Population Maintenance (GO:1902459),1/40,0.0602190353597648,0.128208268830467,0,0,17.034188034188034,47.86209557175929,HDAC1
GO_Biological_Process_2023,Protein Deacetylation (GO:0006476),1/40,0.0602190353597648,0.128208268830467,0,0,17.034188034188034,47.86209557175929,HDAC1
GO_Biological_Process_2023,Regulation Of Nitric Oxide Biosynthetic Process (GO:0045428),1/39,0.0587572618610822,0.128208268830467,0,0,17.483333333333334,49.55372022159112,AKT1
GO_Biological_Process_2023,Regulation Of Mitochondrial Membrane Potential (GO:0051881),1/39,0.0587572618610822,0.128208268830467,0,0,17.483333333333334,49.55372022159112,AKT1
GO_Biological_Process_2023,Negative Regulation Of Mitochondrion Organization (GO:0010823),1/39,0.0587572618610822,0.128208268830467,0,0,17.483333333333334,49.55372022159112,AKT1
GO_Biological_Process_2023,Odontogenesis (GO:0042476),1/39,0.0587572618610822,0.128208268830467,0,0,17.483333333333334,49.55372022159112,HDAC1
GO_Biological_Process_2023,DNA Duplex Unwinding (GO:0032508),1/41,0.0616786118590254,0.1292313772284341,0,0,16.6075,46.2654733568564,RAD51
GO_Biological_Process_2023,Negative Regulation Of Proteolysis (GO:0045861),1/41,0.0616786118590254,0.1292313772284341,0,0,16.6075,46.2654733568564,AKT1
GO_Biological_Process_2023,Double-Strand Break Repair Via Nonhomologous End Joining (GO:0006303),1/41,0.0616786118590254,0.1292313772284341,0,0,16.6075,46.2654733568564,XRCC5
GO_Biological_Process_2023,Modulation By Host Of Symbiont Process (GO:0051851),1/42,0.0631359945348628,0.1315887043989773,0,0,16.201626016260164,44.75641243015854,HDAC1
GO_Biological_Process_2023,DNA-templated DNA Replication Maintenance Of Fidelity (GO:0045005),1/43,0.0645911865897151,0.1332193223412875,0,0,15.815079365079365,43.328214060740166,RAD51
GO_Biological_Process_2023,Regulation Of Chromosome Organization (GO:0033044),1/43,0.0645911865897151,0.1332193223412875,0,0,15.815079365079365,43.328214060740166,XRCC5
GO_Biological_Process_2023,Regulation Of DNA-templated Transcription Elongation (GO:0032784),1/44,0.0660441911946433,0.1341205113491219,0,0,15.446511627906975,41.97483258957492,PARP1
GO_Biological_Process_2023,Positive Regulation Of Biosynthetic Process (GO:0009891),1/44,0.0660441911946433,0.1341205113491219,0,0,15.446511627906975,41.97483258957492,AKT1
GO_Biological_Process_2023,Regulation Of DNA Recombination (GO:0000018),1/44,0.0660441911946433,0.1341205113491219,0,0,15.446511627906975,41.97483258957492,RAD51
GO_Biological_Process_2023,Chromosome Organization (GO:0051276),1/45,0.0674950115208685,0.1343116812174067,0,0,15.094696969696969,40.69079857995566,H3C1
GO_Biological_Process_2023,Regulation Of Telomerase Activity (GO:0051972),1/45,0.0674950115208685,0.1343116812174067,0,0,15.094696969696969,40.69079857995566,XRCC5
GO_Biological_Process_2023,Regulation Of Stem Cell Differentiation (GO:2000736),1/45,0.0674950115208685,0.1343116812174067,0,0,15.094696969696969,40.69079857995566,HDAC1
GO_Biological_Process_2023,Epidermal Growth Factor Receptor Signaling Pathway (GO:0007173),1/45,0.0674950115208685,0.1343116812174067,0,0,15.094696969696969,40.69079857995566,AKT1
GO_Biological_Process_2023,Intracellular Protein Transmembrane Transport (GO:0065002),1/46,0.0689436507552879,0.1358292820850449,0,0,14.75851851851852,39.471152501452366,TOMM40
GO_Biological_Process_2023,Positive Regulation Of Blood Vessel Endothelial Cell Migration (GO:0043536),1/46,0.0689436507552879,0.1358292820850449,0,0,14.75851851851852,39.471152501452366,AKT1
GO_Biological_Process_2023,Cellular Response To Radiation (GO:0071478),1/48,0.0718343985928686,0.1401301568609653,0,0,14.129078014184396,37.20739858844958,RAD51
GO_Biological_Process_2023,Regulation Of Tumor Necrosis Factor-Mediated Signaling Pathway (GO:0010803),1/48,0.0718343985928686,0.1401301568609653,0,0,14.129078014184396,37.20739858844958,H2BC11
GO_Biological_Process_2023,Antibacterial Humoral Response (GO:0019731),1/49,0.0732765135248936,0.1415487773456481,0,0,13.834027777777775,36.15544100556018,H2BC11
GO_Biological_Process_2023,Negative Regulation Of DNA Metabolic Process (GO:0051053),1/49,0.0732765135248936,0.1415487773456481,0,0,13.834027777777775,36.15544100556018,XRCC5
GO_Biological_Process_2023,Regulation Of Telomere Maintenance Via Telomerase (GO:0032210),1/51,0.0761542411780185,0.1436051405071206,0,0,13.279333333333334,34.194210378566844,XRCC5
GO_Biological_Process_2023,Positive Regulation Of Protein Localization To Plasma Membrane (GO:1903078),1/51,0.0761542411780185,0.1436051405071206,0,0,13.279333333333334,34.194210378566844,AKT1
GO_Biological_Process_2023,Positive Regulation Of DNA Recombination (GO:0045911),1/51,0.0761542411780185,0.1436051405071206,0,0,13.279333333333334,34.194210378566844,PARP1
GO_Biological_Process_2023,Positive Regulation Of Fat Cell Differentiation (GO:0045600),1/50,0.0747164600026276,0.1436051405071206,0,0,13.551020408163266,35.15209038871121,AKT1
GO_Biological_Process_2023,Positive Regulation Of Protein Localization To Cell Periphery (GO:1904377),1/51,0.0761542411780185,0.1436051405071206,0,0,13.279333333333334,34.194210378566844,AKT1
GO_Biological_Process_2023,Regulation Of Blood Vessel Endothelial Cell Migration (GO:0043535),1/54,0.0804546243589149,0.1441630373128068,0,0,12.525786163522012,31.56575680442027,AKT1
GO_Biological_Process_2023,Sprouting Angiogenesis (GO:0002040),1/52,0.0775898601982381,0.1441630373128068,0,0,13.018300653594771,33.27892316228608,AKT1
GO_Biological_Process_2023,Regulation Of Cell Development (GO:0060284),1/52,0.0775898601982381,0.1441630373128068,0,0,13.018300653594771,33.27892316228608,AKT1
GO_Biological_Process_2023,NADH Dehydrogenase Complex Assembly (GO:0010257),1/53,0.0790233202221304,0.1441630373128068,0,0,12.767307692307693,32.40358367230175,NDUFB8
GO_Biological_Process_2023,Cellular Response To Alcohol (GO:0097306),1/53,0.0790233202221304,0.1441630373128068,0,0,12.767307692307693,32.40358367230175,RAD51
GO_Biological_Process_2023,Proton Motive Force-Driven Mitochondrial ATP Synthesis (GO:0042776),1/53,0.0790233202221304,0.1441630373128068,0,0,12.767307692307693,32.40358367230175,NDUFB8
GO_Biological_Process_2023,Mitochondrial Respiratory Chain Complex I Assembly (GO:0032981),1/53,0.0790233202221304,0.1441630373128068,0,0,12.767307692307693,32.40358367230175,NDUFB8
GO_Biological_Process_2023,Epidermal Cell Differentiation (GO:0009913),1/54,0.0804546243589149,0.1441630373128068,0,0,12.525786163522012,31.56575680442027,HDAC1
GO_Biological_Process_2023,ERBB Signaling Pathway (GO:0038127),1/54,0.0804546243589149,0.1441630373128068,0,0,12.525786163522012,31.56575680442027,AKT1
GO_Biological_Process_2023,Negative Regulation Of Protein Modification By Small Protein Conjugation Or Removal (GO:1903321),1/54,0.0804546243589149,0.1441630373128068,0,0,12.525786163522012,31.56575680442027,AKT1
GO_Biological_Process_2023,Negative Regulation Of Protein Ubiquitination (GO:0031397),1/54,0.0804546243589149,0.1441630373128068,0,0,12.525786163522012,31.56575680442027,AKT1
GO_Biological_Process_2023,"Positive Regulation Of DNA-templated Transcription, Elongation (GO:0032786)",1/56,0.0833107775481581,0.1479420085608547,0,0,12.069090909090908,29.99383143293984,PARP1
GO_Biological_Process_2023,Regulation Of Stem Cell Population Maintenance (GO:2000036),1/56,0.0833107775481581,0.1479420085608547,0,0,12.069090909090908,29.99383143293984,HDAC1
GO_Biological_Process_2023,Post-Transcriptional Regulation Of Gene Expression (GO:0010608),1/57,0.0847356328479424,0.1498004937847553,0,0,11.852976190476191,29.2557418815663,SPOUT1
GO_Biological_Process_2023,Peptidyl-Threonine Phosphorylation (GO:0018107),1/58,0.0861583447782449,0.1516386868097111,0,0,11.644444444444444,28.547152703267717,AKT1
GO_Biological_Process_2023,Aerobic Respiration (GO:0009060),1/59,0.0875789164754865,0.1527808410761791,0,0,11.443103448275862,27.86641704377016,NDUFB8
GO_Biological_Process_2023,Negative Regulation Of Cytokine-Mediated Signaling Pathway (GO:0001960),1/59,0.0875789164754865,0.1527808410761791,0,0,11.443103448275862,27.86641704377016,H2BC11
GO_Biological_Process_2023,Negative Regulation Of Peptidase Activity (GO:0010466),1/60,0.0889973510131811,0.1532302217444335,0,0,11.248587570621469,27.21200570122755,AKT1
GO_Biological_Process_2023,protein-DNA Complex Organization (GO:0071824),1/60,0.0889973510131811,0.1532302217444335,0,0,11.248587570621469,27.21200570122755,HDAC1
GO_Biological_Process_2023,Proton Motive Force-Driven ATP Synthesis (GO:0015986),1/60,0.0889973510131811,0.1532302217444335,0,0,11.248587570621469,27.21200570122755,NDUFB8
GO_Biological_Process_2023,Intracellular Protein Transport (GO:0006886),2/325,0.0899670866176361,0.1542292913445191,0,0,4.194726166328601,10.102206761457223,TBC1D13;AKT1
GO_Biological_Process_2023,Negative Regulation Of Intrinsic Apoptotic Signaling Pathway (GO:2001243),1/61,0.0904136515333159,0.1543267500310047,0,0,11.060555555555556,26.582496915567003,AKT1
GO_Biological_Process_2023,Positive Regulation Of Cell Cycle (GO:0045787),1/65,0.0960575752858901,0.1565382708362654,0,0,10.3671875,24.288324885251964,AKT1
GO_Biological_Process_2023,Positive Regulation Of DNA Biosynthetic Process (GO:2000573),1/65,0.0960575752858901,0.1565382708362654,0,0,10.3671875,24.288324885251964,XRCC5
GO_Biological_Process_2023,Cellular Response To Light Stimulus (GO:0071482),1/65,0.0960575752858901,0.1565382708362654,0,0,10.3671875,24.288324885251964,PARP1
GO_Biological_Process_2023,Antimicrobial Humoral Immune Response Mediated By Antimicrobial Peptide (GO:0061844),1/65,0.0960575752858901,0.1565382708362654,0,0,10.3671875,24.288324885251964,H2BC11
GO_Biological_Process_2023,Negative Regulation Of Gene Expression (GO:0010629),2/336,0.0951821989919803,0.1565382708362654,0,0,4.054305182737973,9.535573104857573,HDAC1;MRPL13
GO_Biological_Process_2023,Regulation Of Gene Expression (GO:0010468),4/1127,0.0944381142166825,0.1565382708362654,0,0,2.4861976847729297,5.866955488672828,HDAC1;H3C1;AKT1;SPOUT1
GO_Biological_Process_2023,Negative Regulation Of Cell Death (GO:0060548),1/64,0.0946497799036063,0.1565382708362654,0,0,10.532275132275132,24.830594069685887,AKT1
GO_Biological_Process_2023,Positive Regulation Of Cysteine-Type Endopeptidase Activity (GO:2001056),1/64,0.0946497799036063,0.1565382708362654,0,0,10.532275132275132,24.830594069685887,APAF1
GO_Biological_Process_2023,Oxidative Phosphorylation (GO:0006119),1/63,0.0932398628808903,0.1565382708362654,0,0,10.702688172043011,25.39298321204175,NDUFB8
GO_Biological_Process_2023,Positive Regulation Of Mitotic Cell Cycle Phase Transition (GO:1901992),1/63,0.0932398628808903,0.1565382708362654,0,0,10.702688172043011,25.39298321204175,AKT1
GO_Biological_Process_2023,Regulation Of Apoptotic Process (GO:0042981),3/705,0.0946693591435344,0.1565382708362654,0,0,2.940628815628816,6.932135119299687,APAF1;HDAC1;AKT1
GO_Biological_Process_2023,Peptidyl-Threonine Modification (GO:0018210),1/66,0.0974632521020976,0.1568920643594742,0,0,10.207179487179488,23.765170565615563,AKT1
GO_Biological_Process_2023,Negative Regulation Of Endopeptidase Activity (GO:0010951),1/66,0.0974632521020976,0.1568920643594742,0,0,10.207179487179488,23.765170565615563,AKT1
GO_Biological_Process_2023,Response To Reactive Oxygen Species (GO:0000302),1/66,0.0974632521020976,0.1568920643594742,0,0,10.207179487179488,23.765170565615563,AKT1
GO_Biological_Process_2023,Activation Of Cysteine-Type Endopeptidase Activity Involved In Apoptotic Process (GO:0006919),1/67,0.0988668134433671,0.158507117909204,0,0,10.052020202020202,23.26019032662989,APAF1
GO_Biological_Process_2023,Aerobic Electron Transport Chain (GO:0019646),1/68,0.1002682623878204,0.16010577381281,0,0,9.901492537313432,22.77250269881097,NDUFB8
GO_Biological_Process_2023,DNA-templated DNA Replication (GO:0006261),1/69,0.1016676020042294,0.1615865091647685,0,0,9.755392156862746,22.301280984489107,RAD51
GO_Biological_Process_2023,Negative Regulation Of Extrinsic Apoptotic Signaling Pathway (GO:2001237),1/70,0.1030648353585769,0.1615865091647685,0,0,9.61352657004831,21.8457491225909,AKT1
GO_Biological_Process_2023,Mitochondrial ATP Synthesis Coupled Electron Transport (GO:0042775),1/70,0.1030648353585769,0.1615865091647685,0,0,9.61352657004831,21.8457491225909,NDUFB8
GO_Biological_Process_2023,Regulation Of Notch Signaling Pathway (GO:0008593),1/70,0.1030648353585769,0.1615865091647685,0,0,9.61352657004831,21.8457491225909,AKT1
GO_Biological_Process_2023,Regulation Of Cilium Assembly (GO:1902017),1/71,0.1044599655206584,0.1615865091647685,0,0,9.475714285714286,21.405177919492388,TBC1D13
GO_Biological_Process_2023,Negative Regulation Of Protein Binding (GO:0032091),1/71,0.1044599655206584,0.1615865091647685,0,0,9.475714285714286,21.405177919492388,AKT1
GO_Biological_Process_2023,Protein Autoubiquitination (GO:0051865),1/71,0.1044599655206584,0.1615865091647685,0,0,9.475714285714286,21.405177919492388,RAD51
GO_Biological_Process_2023,Myeloid Leukocyte Differentiation (GO:0002573),1/71,0.1044599655206584,0.1615865091647685,0,0,9.475714285714286,21.405177919492388,PARP1
GO_Biological_Process_2023,Regulation Of Cellular Localization (GO:0060341),1/72,0.1058529955609793,0.1624720396982473,0,0,9.341784037558686,20.97888160974941,PARP1
GO_Biological_Process_2023,Response To Ionizing Radiation (GO:0010212),1/72,0.1058529955609793,0.1624720396982473,0,0,9.341784037558686,20.97888160974941,RAD51
GO_Biological_Process_2023,Cellular Response To Reactive Oxygen Species (GO:0034614),1/73,0.107243928503136,0.1639714119198527,0,0,9.211574074074074,20.566214716689423,AKT1
GO_Biological_Process_2023,Defense Response To Gram-negative Bacterium (GO:0050829),1/75,0.1100195153566116,0.1650292730349174,0,0,8.961711711711711,19.77937166333769,H2BC11
GO_Biological_Process_2023,Regulation Of Plasma Membrane Bounded Cell Projection Assembly (GO:0120032),1/75,0.1100195153566116,0.1650292730349174,0,0,8.961711711711711,19.77937166333769,TBC1D13
GO_Biological_Process_2023,Import Into Nucleus (GO:0051170),1/74,0.1086327674174716,0.1650292730349174,0,0,9.084931506849315,20.166569167475306,AKT1
GO_Biological_Process_2023,Positive Regulation Of Macromolecule Metabolic Process (GO:0010604),2/364,0.1088401583754698,0.1650292730349174,0,0,3.735378167269956,8.284601516348966,HDAC1;AKT1
GO_Biological_Process_2023,Regulation Of Fat Cell Differentiation (GO:0045598),1/75,0.1100195153566116,0.1650292730349174,0,0,8.961711711711711,19.77937166333769,AKT1
GO_Biological_Process_2023,Negative Regulation Of Transforming Growth Factor Beta Receptor Signaling Pathway (GO:0030512),1/77,0.1127867504640337,0.167279225407331,0,0,8.725,19.04018715319017,HDAC1
GO_Biological_Process_2023,Regulation Of Transcription Elongation By RNA Polymerase II (GO:0034243),1/77,0.1127867504640337,0.167279225407331,0,0,8.725,19.04018715319017,PARP1
GO_Biological_Process_2023,Positive Regulation Of Endothelial Cell Proliferation (GO:0001938),1/77,0.1127867504640337,0.167279225407331,0,0,8.725,19.04018715319017,AKT1
GO_Biological_Process_2023,Regulation Of Protein Localization To Plasma Membrane (GO:1903076),1/80,0.1169219967195055,0.1673047141569396,0,0,8.39240506329114,18.01218477461978,AKT1
GO_Biological_Process_2023,Macromolecule Modification (GO:0043412),1/81,0.1182962625352098,0.1673047141569396,0,0,8.287083333333333,17.689302303265983,PARP1
GO_Biological_Process_2023,Histone Modification (GO:0016570),1/81,0.1182962625352098,0.1673047141569396,0,0,8.287083333333333,17.689302303265983,HDAC1
GO_Biological_Process_2023,Positive Regulation Of Growth (GO:0045927),1/81,0.1182962625352098,0.1673047141569396,0,0,8.287083333333333,17.689302303265983,AKT1
GO_Biological_Process_2023,Negative Regulation Of Programmed Cell Death (GO:0043069),2/381,0.1173788603429406,0.1673047141569396,0,0,3.564734783004276,7.636904047809343,HDAC1;AKT1
GO_Biological_Process_2023,Regulation Of Organelle Assembly (GO:1902115),1/80,0.1169219967195055,0.1673047141569396,0,0,8.39240506329114,18.01218477461978,TBC1D13
GO_Biological_Process_2023,Cellular Response To UV (GO:0034644),1/79,0.1155456581169776,0.1673047141569396,0,0,8.500427350427351,18.344683169954745,PARP1
GO_Biological_Process_2023,Negative Regulation Of Cellular Component Organization (GO:0051129),1/79,0.1155456581169776,0.1673047141569396,0,0,8.500427350427351,18.344683169954745,XRCC5
GO_Biological_Process_2023,Protein Import Into Nucleus (GO:0006606),1/79,0.1155456581169776,0.1673047141569396,0,0,8.500427350427351,18.344683169954745,AKT1
GO_Biological_Process_2023,Positive Regulation Of Protein Localization To Membrane (GO:1905477),1/79,0.1155456581169776,0.1673047141569396,0,0,8.500427350427351,18.344683169954745,AKT1
GO_Biological_Process_2023,Regulation Of Cyclin-Dependent Protein Serine/Threonine Kinase Activity (GO:0000079),1/79,0.1155456581169776,0.1673047141569396,0,0,8.500427350427351,18.344683169954745,AKT1
GO_Biological_Process_2023,Positive Regulation Of Protein Phosphorylation (GO:0001934),2/377,0.1153540699128354,0.1673047141569396,0,0,3.6034942528735634,7.782643151749773,XRCC5;AKT1
GO_Biological_Process_2023,Negative Regulation Of Protein Serine/Threonine Kinase Activity (GO:0071901),1/80,0.1169219967195055,0.1673047141569396,0,0,8.39240506329114,18.01218477461978,AKT1
GO_Biological_Process_2023,Negative Regulation Of Apoptotic Signaling Pathway (GO:2001234),1/82,0.1196684585835898,0.1686430946587245,0,0,8.184362139917695,17.37564803201433,AKT1
GO_Biological_Process_2023,Positive Regulation Of Endothelial Cell Migration (GO:0010595),1/85,0.123772658199863,0.1690136987832612,0,0,7.890873015873016,16.486470413825213,AKT1
GO_Biological_Process_2023,Defense Response To Gram-positive Bacterium (GO:0050830),1/85,0.123772658199863,0.1690136987832612,0,0,7.890873015873016,16.486470413825213,H2BC11
GO_Biological_Process_2023,Cellular Respiration (GO:0045333),1/85,0.123772658199863,0.1690136987832612,0,0,7.890873015873016,16.486470413825213,NDUFB8
GO_Biological_Process_2023,Positive Regulation Of Protein Localization (GO:1903829),1/85,0.123772658199863,0.1690136987832612,0,0,7.890873015873016,16.486470413825213,AKT1
GO_Biological_Process_2023,Epidermis Development (GO:0008544),1/85,0.123772658199863,0.1690136987832612,0,0,7.890873015873016,16.486470413825213,HDAC1
GO_Biological_Process_2023,Positive Regulation Of Double-Strand Break Repair (GO:2000781),1/84,0.1224066534031683,0.1690136987832612,0,0,7.986345381526104,16.774572169983173,PARP1
GO_Biological_Process_2023,Regulation Of Cysteine-Type Endopeptidase Activity Involved In Apoptotic Process (GO:0043281),1/84,0.1224066534031683,0.1690136987832612,0,0,7.986345381526104,16.774572169983173,AKT1
GO_Biological_Process_2023,Epigenetic Regulation Of Gene Expression (GO:0040029),1/83,0.121038587865389,0.1690136987832612,0,0,8.084146341463414,17.070854284931038,H3C1
GO_Biological_Process_2023,Establishment Of Protein Localization To Organelle (GO:0072594),1/85,0.123772658199863,0.1690136987832612,0,0,7.890873015873016,16.486470413825213,AKT1
GO_Biological_Process_2023,Negative Regulation Of Binding (GO:0051100),1/86,0.125136605265329,0.170288988608489,0,0,7.79764705882353,16.206234277302418,AKT1
GO_Biological_Process_2023,Negative Regulation Of Protein Kinase Activity (GO:0006469),1/88,0.1278583381345715,0.1716335657670858,0,0,7.617624521072797,15.668176630929226,AKT1
GO_Biological_Process_2023,Regulation Of Double-Strand Break Repair (GO:2000779),1/88,0.1278583381345715,0.1716335657670858,0,0,7.617624521072797,15.668176630929226,RAD51
GO_Biological_Process_2023,Regulation Of Endothelial Cell Migration (GO:0010594),1/88,0.1278583381345715,0.1716335657670858,0,0,7.617624521072797,15.668176630929226,AKT1
GO_Biological_Process_2023,Negative Regulation Of Neuron Death (GO:1901215),1/88,0.1278583381345715,0.1716335657670858,0,0,7.617624521072797,15.668176630929226,AKT1
GO_Biological_Process_2023,Positive Regulation Of Peptidyl-Serine Phosphorylation (GO:0033138),1/89,0.1292161299361437,0.1728702278875436,0,0,7.530681818181818,15.409799629222077,AKT1
GO_Biological_Process_2023,Mitochondrial Respiratory Chain Complex Assembly (GO:0033108),1/90,0.1305718759262102,0.1740958345682803,0,0,7.4456928838951315,15.158175594574578,NDUFB8
GO_Biological_Process_2023,Regulation Of Endothelial Cell Proliferation (GO:0001936),1/93,0.1346268690574452,0.177117076899496,0,0,7.201811594202899,14.441420169325143,AKT1
GO_Biological_Process_2023,Regulation Of Peptidyl-Serine Phosphorylation (GO:0033135),1/93,0.1346268690574452,0.177117076899496,0,0,7.201811594202899,14.441420169325143,AKT1
GO_Biological_Process_2023,Cytoplasmic Translation (GO:0002181),1/93,0.1346268690574452,0.177117076899496,0,0,7.201811594202899,14.441420169325143,RPL4
GO_Biological_Process_2023,Negative Regulation Of Amide Metabolic Process (GO:0034249),1/93,0.1346268690574452,0.177117076899496,0,0,7.201811594202899,14.441420169325143,MRPL13
GO_Biological_Process_2023,Positive Regulation Of Epithelial Cell Migration (GO:0010634),1/95,0.1373200234032162,0.1800620174426279,0,0,7.047872340425532,13.993135693897646,AKT1
GO_Biological_Process_2023,Regulation Of Protein Metabolic Process (GO:0051246),1/96,0.1386635571508699,0.1812236588506418,0,0,6.973333333333334,13.77724766471137,AKT1
GO_Biological_Process_2023,Regulation Of Protein Localization (GO:0032880),1/97,0.1400050658887811,0.1823750200393333,0,0,6.900347222222222,13.566611703053766,PARP1
GO_Biological_Process_2023,Negative Regulation Of Macromolecule Biosynthetic Process (GO:0010558),1/98,0.1413445525662776,0.1835162059549047,0,0,6.828865979381443,13.361050061201013,MRPL13
GO_Biological_Process_2023,Antimicrobial Humoral Response (GO:0019730),1/100,0.1440174715013112,0.1857684648681408,0,0,6.69023569023569,12.964476920040203,H2BC11
GO_Biological_Process_2023,Response To UV (GO:0009411),1/100,0.1440174715013112,0.1857684648681408,0,0,6.69023569023569,12.964476920040203,PARP1
GO_Biological_Process_2023,Regulation Of Cell Migration (GO:0030334),2/434,0.1450191765044023,0.1864532269342316,0,0,3.118933588761175,6.022315473837285,HDAC1;AKT1
GO_Biological_Process_2023,Activation Of GTPase Activity (GO:0090630),1/102,0.1466823374951631,0.1879812480520537,0,0,6.557095709570957,12.586253414445132,TBC1D13
GO_Biological_Process_2023,Positive Regulation Of Kinase Activity (GO:0033674),1/104,0.1493391739901755,0.1907687512906758,0,0,6.429126213592233,12.225209957636702,XRCC5
GO_Biological_Process_2023,Intrinsic Apoptotic Signaling Pathway (GO:0097193),1/105,0.1506645884907166,0.1918430129978256,0,0,6.36698717948718,12.05079142079369,APAF1
GO_Biological_Process_2023,Regulation Of G1/S Transition Of Mitotic Cell Cycle (GO:2000045),1/106,0.1519880043814253,0.1922915326998225,0,0,6.306031746031746,11.880271712830174,AKT1
GO_Biological_Process_2023,Positive Regulation Of Cell Growth (GO:0030307),1/106,0.1519880043814253,0.1922915326998225,0,0,6.306031746031746,11.880271712830174,AKT1
GO_Biological_Process_2023,Regulation Of Cellular Response To Stress (GO:0080135),1/107,0.1533094245816639,0.1927318480455203,0,0,6.246226415094339,11.713529763522214,RAD51
GO_Biological_Process_2023,Negative Regulation Of Translation (GO:0017148),1/107,0.1533094245816639,0.1927318480455203,0,0,6.246226415094339,11.713529763522214,MRPL13
GO_Biological_Process_2023,Positive Regulation Of DNA Metabolic Process (GO:0051054),1/108,0.1546288520007175,0.1931641179567323,0,0,6.187538940809969,11.55044932516124,RAD51
GO_Biological_Process_2023,Response To Tumor Necrosis Factor (GO:0034612),1/108,0.1546288520007175,0.1931641179567323,0,0,6.187538940809969,11.55044932516124,AKT1
GO_Biological_Process_2023,Positive Regulation Of Cysteine-Type Endopeptidase Activity Involved In Apoptotic Process (GO:0043280),1/109,0.1559462895184921,0.1941972661928392,0,0,6.129938271604939,11.39091873922072,APAF1
GO_Biological_Process_2023,Negative Regulation Of Transmembrane Receptor Protein Serine/Threonine Kinase Signaling Pathway (GO:0090101),1/111,0.1585752065631873,0.1962368181219443,0,0,6.017878787878788,11.08208211129878,HDAC1
GO_Biological_Process_2023,Regulation Of Transforming Growth Factor Beta Receptor Signaling Pathway (GO:0017015),1/111,0.1585752065631873,0.1962368181219443,0,0,6.017878787878788,11.08208211129878,HDAC1
GO_Biological_Process_2023,Regulation Of Protein Serine/Threonine Kinase Activity (GO:0071900),1/112,0.1598866918284124,0.1972433955266396,0,0,5.963363363363364,10.932573768600095,AKT1
GO_Biological_Process_2023,Regulation Of Protein Ubiquitination (GO:0031396),1/113,0.1611961988204034,0.1982412879903098,0,0,5.909821428571429,10.786210288951333,AKT1
GO_Biological_Process_2023,Negative Regulation Of Canonical Wnt Signaling Pathway (GO:0090090),1/114,0.1625037303919528,0.1992305796755829,0,0,5.857227138643068,10.642899882624762,HDAC1
GO_Biological_Process_2023,Positive Regulation Of Protein Serine/Threonine Kinase Activity (GO:0071902),1/117,0.16641450137197,0.2033955016768523,0,0,5.704885057471264,10.230419802957789,AKT1
GO_Biological_Process_2023,Regulation Of Protein Binding (GO:0043393),1/118,0.1677141600275841,0.2043532534489948,0,0,5.655840455840456,10.098470200279683,AKT1
GO_Biological_Process_2023,Cellular Response To Tumor Necrosis Factor (GO:0071356),1/119,0.1690118576404096,0.2053027473177983,0,0,5.607627118644068,9.969163244438311,AKT1
GO_Biological_Process_2023,Positive Regulation Of Gene Expression (GO:0010628),2/480,0.170027378880267,0.2059047157082133,0,0,2.8121483191458663,4.982552588327134,HDAC1;AKT1
GO_Biological_Process_2023,Negative Regulation Of Apoptotic Process (GO:0043066),2/482,0.1711321867365231,0.2066108108160462,0,0,2.80014367816092,4.943146835703962,HDAC1;AKT1
GO_Biological_Process_2023,Positive Regulation Of Cell Population Proliferation (GO:0008284),2/483,0.1716850808993126,0.2066483040611786,0,0,2.7941787941787943,4.923604026632084,HDAC1;AKT1
GO_Biological_Process_2023,Positive Regulation Of Macromolecule Biosynthetic Process (GO:0010557),1/122,0.172893212750497,0.2068450521123771,0,0,5.467768595041322,9.596377552221062,AKT1
GO_Biological_Process_2023,Protein Localization To Nucleus (GO:0034504),1/122,0.172893212750497,0.2068450521123771,0,0,5.467768595041322,9.596377552221062,AKT1
GO_Biological_Process_2023,Regulation Of Cell Motility (GO:2000145),1/123,0.1741830947211697,0.2071366531819316,0,0,5.422677595628415,9.476933088951569,AKT1
GO_Biological_Process_2023,Positive Regulation Of Epithelial Cell Proliferation (GO:0050679),1/123,0.1741830947211697,0.2071366531819316,0,0,5.422677595628415,9.476933088951569,AKT1
GO_Biological_Process_2023,Regulation Of DNA Metabolic Process (GO:0051052),1/124,0.1754710298811658,0.2080434965058133,0,0,5.378319783197832,9.359789460313923,XRCC5
GO_Biological_Process_2023,Regulation Of DNA Repair (GO:0006282),1/129,0.1818816031337835,0.2150003428088903,0,0,5.166927083333333,8.806507089090594,PARP1
GO_Biological_Process_2023,Negative Regulation Of Cell Motility (GO:2000146),1/133,0.1869753081714116,0.2203637560591637,0,0,5.009343434343434,8.399560435360442,HDAC1
GO_Biological_Process_2023,Cellular Response To Metal Ion (GO:0071248),1/135,0.1895106380474508,0.2226890583584289,0,0,4.9340796019900495,8.2069045278778,AKT1
GO_Biological_Process_2023,Negative Regulation Of Cellular Biosynthetic Process (GO:0031327),1/137,0.1920383160280386,0.2249916365298914,0,0,4.861029411764706,8.020991961652324,MRPL13
GO_Biological_Process_2023,Negative Regulation Of Wnt Signaling Pathway (GO:0030178),1/140,0.1958155345491977,0.2287402704468505,0,0,4.755395683453237,7.754063618028026,HDAC1
GO_Biological_Process_2023,Positive Regulation Of Transferase Activity (GO:0051347),1/143,0.1995756616597384,0.2324469471095777,0,0,4.654225352112676,7.500572056522554,XRCC5
GO_Biological_Process_2023,Positive Regulation Of Protein Kinase Activity (GO:0045860),1/145,0.2020729547196876,0.2346653667712502,0,0,4.58912037037037,7.338583926220001,XRCC5
GO_Biological_Process_2023,Negative Regulation Of Protein Phosphorylation (GO:0001933),1/149,0.2070449402747992,0.239736246633978,0,0,4.464189189189189,7.030291769437623,AKT1
GO_Biological_Process_2023,protein-RNA Complex Assembly (GO:0022618),1/150,0.2082832442433382,0.2404669525374983,0,0,4.434004474272931,6.956316183817003,XRCC5
GO_Biological_Process_2023,Negative Regulation Of DNA-templated Transcription (GO:0045892),3/1025,0.2107445416962588,0.2419092150908507,0,0,1.986336315348057,3.0929413230890286,PARP1;XRCC5;HDAC1
GO_Biological_Process_2023,Cellular Response To Organic Cyclic Compound (GO:0071407),1/152,0.2107542404200593,0.2419092150908507,0,0,4.3748344370860925,6.811890915559051,RAD51
GO_Biological_Process_2023,Positive Regulation Of Nucleic Acid-Templated Transcription (GO:1903508),2/557,0.2133543812875746,0.2441859392771085,0,0,2.412426219322771,3.726717794035927,HDAC1;AKT1
GO_Biological_Process_2023,Protein Autophosphorylation (GO:0046777),1/162,0.2229976948111799,0.2544872828392717,0,0,4.101035196687371,6.153988173231848,AKT1
GO_Biological_Process_2023,Negative Regulation Of Cell Migration (GO:0030336),1/163,0.2242118815474975,0.2551376583126696,0,0,4.075514403292181,6.093561498022166,HDAC1
GO_Biological_Process_2023,Positive Regulation Of Cellular Process (GO:0048522),2/594,0.2345960493188136,0.2661892135537255,0,0,2.257339235787512,3.2728939976189584,HDAC1;AKT1
GO_Biological_Process_2023,Regulation Of Neuron Projection Development (GO:0010975),1/174,0.2374473325562776,0.2678892982686209,0,0,3.814258188824663,5.484176421934344,AKT1
GO_Biological_Process_2023,Positive Regulation Of Cellular Biosynthetic Process (GO:0031328),1/174,0.2374473325562776,0.2678892982686209,0,0,3.814258188824663,5.484176421934344,AKT1
GO_Biological_Process_2023,Positive Regulation Of I-kappaB kinase/NF-kappaB Signaling (GO:0043123),1/175,0.2386396607842615,0.2684696183822941,0,0,3.792145593869732,5.433388331372059,PARP1
GO_Biological_Process_2023,Phosphate-Containing Compound Metabolic Process (GO:0006796),1/184,0.2492897378575591,0.2796564764634375,0,0,3.604007285974499,5.006468710309246,AKT1
GO_Biological_Process_2023,Negative Regulation Of Macromolecule Metabolic Process (GO:0010605),1/186,0.251636767276824,0.2814919769537353,0,0,3.5646846846846847,4.918440107268859,HDAC1
GO_Biological_Process_2023,Transcription By RNA Polymerase II (GO:0006366),1/192,0.2586353277277289,0.2885058867047343,0,0,3.451657940663176,4.667802019414328,PARP1
GO_Biological_Process_2023,Regulation Of Cell Differentiation (GO:0045595),1/193,0.2597955796870106,0.2889860942585849,0,0,3.4335069444444444,4.627887319696958,HDAC1
GO_Biological_Process_2023,Positive Regulation Of Protein Metabolic Process (GO:0051247),1/196,0.2632658019139146,0.2920259315347625,0,0,3.3801709401709403,4.511146065081219,AKT1
GO_Biological_Process_2023,DNA-templated Transcription (GO:0006351),1/199,0.266720277449934,0.295031368352441,0,0,3.3284511784511785,4.39873069718801,PARP1
GO_Biological_Process_2023,Regulation Of Translation (GO:0006417),1/202,0.2701590754049947,0.2980027684133089,0,0,3.2782752902155887,4.290424182868856,MRPL13
GO_Biological_Process_2023,Defense Response To Bacterium (GO:0042742),1/204,0.2724429315611231,0.2996872247172354,0,0,3.245648604269294,4.220401631400859,H2BC11
GO_Biological_Process_2023,Regulation Of Canonical Wnt Signaling Pathway (GO:0060828),1/207,0.2758557529268061,0.3026007705235878,0,0,3.19789644012945,4.118497862706142,HDAC1
GO_Biological_Process_2023,Positive Regulation Of Protein Modification Process (GO:0031401),1/225,0.2960096607667956,0.3238116731040084,0,0,2.9382440476190474,3.5769101393596303,AKT1
GO_Biological_Process_2023,Regulation Of Cell Growth (GO:0001558),1/227,0.298215184138813,0.3253256554241596,0,0,2.911946902654867,3.5232809149482494,AKT1
GO_Biological_Process_2023,Protein Modification Process (GO:0036211),2/711,0.3023856313777916,0.3275178725102083,0,0,1.8734497349350712,2.240743585429444,PARP1;AKT1
GO_Biological_Process_2023,Positive Regulation Of Phosphorylation (GO:0042327),1/231,0.3026061881085404,0.3275178725102083,0,0,2.8607246376811597,3.4194900363019065,AKT1
GO_Biological_Process_2023,Positive Regulation Of DNA-templated Transcription (GO:0045893),3/1243,0.3027059124715562,0.3275178725102083,0,0,1.6182891705069125,1.9338450895555543,PARP1;HDAC1;AKT1
GO_Biological_Process_2023,Regulation Of I-kappaB kinase/NF-kappaB Signaling (GO:0043122),1/232,0.3036997777963908,0.3276978528811192,0,0,2.848196248196248,3.394240010736457,PARP1
GO_Biological_Process_2023,Positive Regulation Of Developmental Process (GO:0051094),1/233,0.3047917078804674,0.3279823813061551,0,0,2.835775862068965,3.369260905369708,HDAC1
GO_Biological_Process_2023,Positive Regulation Of GTPase Activity (GO:0043547),1/234,0.3058819807602114,0.3282635891085195,0,0,2.82346208869814,3.3445487750220284,TBC1D13
GO_Biological_Process_2023,Regulation Of Autophagy (GO:0010506),1/241,0.3134676929319271,0.3354951524352517,0,0,2.7401388888888887,3.1787227164692067,AKT1
GO_Biological_Process_2023,Positive Regulation Of Programmed Cell Death (GO:0043068),1/245,0.3177662998481337,0.3391791232880349,0,0,2.694672131147541,3.0892774187669545,APAF1
GO_Biological_Process_2023,Positive Regulation Of DNA-binding Transcription Factor Activity (GO:0051091),1/246,0.3188368749405083,0.339406995904412,0,0,2.6835374149659863,3.067486330759252,AKT1
GO_Biological_Process_2023,Cytokine-Mediated Signaling Pathway (GO:0019221),1/257,0.3305064178499272,0.3508861701570273,0,0,2.566796875,2.841775774043612,AKT1
GO_Biological_Process_2023,Negative Regulation Of Transcription By RNA Polymerase II (GO:0000122),2/763,0.3323943096613506,0.3519469161120183,0,0,1.7407222801214373,1.9172895464707305,PARP1;HDAC1
GO_Biological_Process_2023,Regulation Of Protein Phosphorylation (GO:0001932),1/265,0.3388715933440626,0.3578484025713301,0,0,2.4880050505050506,2.6923549171677044,AKT1
GO_Biological_Process_2023,Negative Regulation Of Signal Transduction (GO:0009968),1/267,0.3409470297572932,0.3590825100635321,0,0,2.469047619047619,2.6567647460323824,AKT1
GO_Biological_Process_2023,Positive Regulation Of Apoptotic Process (GO:0043065),1/270,0.34404836687895,0.361387674493539,0,0,2.4411400247831474,2.604630569140999,APAF1
GO_Biological_Process_2023,Regulation Of DNA-templated Transcription (GO:0006355),4/1922,0.3476287352121022,0.3641824845079167,0,0,1.394276445371336,1.473220686594896,PARP1;XRCC5;HDAC1;AKT1
GO_Biological_Process_2023,Positive Regulation Of Cell Differentiation (GO:0045597),1/283,0.3573250629126951,0.3733528361831854,0,0,2.3270685579196217,2.3948080601966284,AKT1
GO_Biological_Process_2023,Transmembrane Receptor Protein Tyrosine Kinase Signaling Pathway (GO:0007169),1/284,0.3583355051848323,0.3734233159294569,0,0,2.3187279151943465,2.3796769911372126,AKT1
GO_Biological_Process_2023,Regulation Of Intracellular Signal Transduction (GO:1902531),1/297,0.3713321620725616,0.3859515385321113,0,0,2.215427927927928,2.1947320678912816,AKT1
GO_Biological_Process_2023,Cellular Response To Cytokine Stimulus (GO:0071345),1/308,0.3821300311697712,0.3961347967100246,0,0,2.13485342019544,2.0537168910842936,AKT1
GO_Biological_Process_2023,Protein Transport (GO:0015031),1/313,0.3869786137511901,0.4001136580821704,0,0,2.100106837606837,1.9938117132308344,TBC1D13
GO_Biological_Process_2023,Protein Localization (GO:0008104),1/351,0.4226434897628746,0.4358510988179644,0,0,1.8684761904761904,1.6091807784305612,TBC1D13
GO_Biological_Process_2023,Positive Regulation Of Transcription By RNA Polymerase II (GO:0045944),2/938,0.4304304758517674,0.4427284894475321,0,0,1.4023725316828766,1.182157221971863,PARP1;HDAC1
GO_Biological_Process_2023,Negative Regulation Of Cell Population Proliferation (GO:0008285),1/379,0.4476292641558118,0.4592258772168432,0,0,1.7276014109347442,1.3886286077132546,H2AC8
GO_Biological_Process_2023,Positive Regulation Of Multicellular Organismal Process (GO:0051240),1/387,0.4545736968051375,0.4651451781261872,0,0,1.691105354058722,1.3332593934227173,HDAC1
GO_Biological_Process_2023,Cellular Response To Oxygen-Containing Compound (GO:1901701),1/406,0.4707297938383613,0.4804355627834821,0,0,1.6102057613168723,1.2132434026770869,AKT1
GO_Biological_Process_2023,Organelle Organization (GO:0006996),1/418,0.4806939757693231,0.4893439958988483,0,0,1.5629096722621902,1.1448695267635742,PARP1
GO_Biological_Process_2023,Phosphorylation (GO:0016310),1/429,0.4896681579559861,0.4972015142322321,0,0,1.5218847352024922,1.08666731833616,AKT1
GO_Biological_Process_2023,Nervous System Development (GO:0007399),1/433,0.49289413725538,0.4987352732841562,0,0,1.5074845679012343,1.0664863284387966,APAF1
GO_Biological_Process_2023,Protein Ubiquitination (GO:0016567),1/434,0.493697543250983,0.4987352732841562,0,0,1.5039260969976904,1.0615194806120185,RAD51
GO_Biological_Process_2023,Protein Phosphorylation (GO:0006468),1/500,0.5440842428987314,0.5482375577300194,0,0,1.3006012024048097,0.791612464156124,AKT1
GO_Biological_Process_2023,Positive Regulation Of Intracellular Signal Transduction (GO:1902533),1/525,0.5618731748923961,0.5647253229882965,0,0,1.2369592875318065,0.7130812040340341,PARP1
GO_Biological_Process_2023,Negative Regulation Of Cellular Process (GO:0048523),1/537,0.5701714362171472,0.5716149082075703,0,0,1.2085199004975125,0.67896847284268,H2AC8
GO_Biological_Process_2023,Regulation Of Transcription By RNA Polymerase II (GO:0006357),2/2028,0.8366886145664265,0.8366886145664265,0,0,0.6107839466249106,0.1089047952974194,PARP1;HDAC1
